ts,uptime_s,nter,car_mAh,fg_mA,bq_online,bq_status,bq_charge_type,bq_vbat_mV,bq_ichg_mA
1791078314,2244.53,35952,-9.104,173,1,Charging,Fast,4204,300
1791078319,2249.61,36033,-8.897,171,1,Charging,Fast,4184,300
1791078324,2254.68,36114,-8.587,172,1,Charging,Fast,4204,300
1791078329,2259.76,36196,-8.380,170,1,Charging,Fast,4184,300
1791078334,2264.83,36277,-8.173,172,1,Charging,Fast,4204,300
1791078339,2269.91,36358,-7.862,169,1,Charging,Fast,4204,300
1791078344,2274.98,36439,-7.656,169,1,Charging,Fast,4184,300
1791078349,2280.06,36520,-7.449,170,1,Charging,Fast,4184,300
1791078355,2285.14,36602,-7.656,-1504,0,Discharging,N/A,3884,0
1791078360,2290.39,36686,-9.000,-974,0,Discharging,N/A,3844,0
1791078365,2295.62,36769,-10.449,-942,0,Discharging,N/A,3884,0
1791078370,2300.84,36853,-11.794,-930,0,Discharging,N/A,3884,0
1791078376,2306.07,36937,-13.242,-1031,0,Discharging,N/A,3844,0
1791078381,2311.31,37021,-14.587,-963,0,Discharging,N/A,3824,0
1791078386,2316.55,37104,-16.036,-964,0,Discharging,N/A,3884,0
1791078391,2321.78,37188,-17.381,-965,0,Discharging,N/A,3864,0
1791078397,2327.00,37272,-18.829,-952,0,Discharging,N/A,3844,0
1791078402,2332.22,37355,-20.174,-924,0,Discharging,N/A,3864,0
1791078407,2337.43,37439,-21.623,-968,0,Discharging,N/A,3844,0
1791078412,2342.64,37522,-22.968,-1010,0,Discharging,N/A,3844,0
1791078417,2347.86,37606,-24.416,-975,0,Discharging,N/A,3844,0
1791078423,2353.09,37689,-25.761,-955,0,Discharging,N/A,3844,0
1791078428,2358.31,37773,-27.209,-975,0,Discharging,N/A,3824,0
1791078433,2363.53,37856,-28.554,-981,0,Discharging,N/A,3824,0
1791078438,2368.75,37940,-30.003,-961,0,Discharging,N/A,3824,0
1791078444,2373.98,38023,-31.451,-1410,0,Discharging,N/A,3804,0
1791078449,2379.21,38107,-32.900,-986,0,Discharging,N/A,3764,0
1791078454,2384.43,38191,-34.348,-1054,0,Discharging,N/A,3824,0
1791078459,2389.66,38274,-35.797,-966,0,Discharging,N/A,3824,0
1791078464,2394.88,38358,-37.245,-907,0,Discharging,N/A,3844,0
1791078470,2400.11,38442,-38.590,-943,0,Discharging,N/A,3824,0
1791078475,2405.33,38525,-40.038,-953,0,Discharging,N/A,3824,0
1791078480,2410.55,38609,-41.383,-951,0,Discharging,N/A,3804,0
1791078485,2415.77,38692,-42.728,-976,0,Discharging,N/A,3784,0
1791078491,2420.99,38776,-44.177,-1004,0,Discharging,N/A,3824,0
1791078496,2426.20,38859,-45.522,-983,0,Discharging,N/A,3844,0
1791078501,2431.42,38943,-46.867,-951,0,Discharging,N/A,3864,0
1791078506,2436.64,39026,-48.315,-968,0,Discharging,N/A,3824,0
1791078511,2441.87,39110,-49.660,-997,0,Discharging,N/A,3824,0
1791078517,2447.09,39193,-51.005,-960,0,Discharging,N/A,3824,0
1791078522,2452.31,39277,-52.454,-927,0,Discharging,N/A,3844,0
1791078527,2457.53,39360,-53.799,-926,0,Discharging,N/A,3824,0
1791078532,2462.74,39444,-55.144,-968,0,Discharging,N/A,3824,0
1791078538,2467.96,39527,-56.489,-957,0,Discharging,N/A,3824,0
1791078543,2473.18,39611,-57.937,-940,0,Discharging,N/A,3824,0
1791078548,2478.40,39694,-59.282,-980,0,Discharging,N/A,3824,0
1791078553,2483.61,39778,-60.730,-970,0,Discharging,N/A,3824,0
1791078558,2488.84,39861,-62.075,-984,0,Discharging,N/A,3824,0
1791078564,2494.05,39945,-63.420,-945,0,Discharging,N/A,3844,0
1791078569,2499.27,40028,-64.869,-977,0,Discharging,N/A,3824,0
1791078574,2504.49,40112,-66.214,-928,0,Discharging,N/A,3824,0
1791078579,2509.73,40196,-67.662,-951,0,Discharging,N/A,3804,0
1791078585,2515.03,40280,-69.214,-1599,0,Discharging,N/A,3664,0
1791078590,2520.29,40365,-70.869,-1647,0,Discharging,N/A,3664,0
1791078595,2525.51,40448,-72.318,-992,0,Discharging,N/A,3824,0
1791078600,2530.73,40532,-73.766,-964,0,Discharging,N/A,3764,0
1791078605,2535.90,40614,-75.111,-948,0,Discharging,N/A,3824,0
1791078611,2541.12,40698,-76.456,-962,0,Discharging,N/A,3804,0
1791078616,2546.34,40781,-77.905,-962,0,Discharging,N/A,3804,0
1791078621,2551.56,40865,-79.250,-959,0,Discharging,N/A,3824,0
1791078626,2556.78,40949,-80.698,-960,0,Discharging,N/A,3824,0
1791078632,2562.00,41032,-82.043,-962,0,Discharging,N/A,3824,0
1791078637,2567.22,41116,-83.388,-944,0,Discharging,N/A,3824,0
1791078642,2572.45,41199,-84.836,-1204,0,Discharging,N/A,3644,0
1791078647,2577.70,41283,-86.285,-973,0,Discharging,N/A,3824,0
1791078652,2582.92,41367,-87.733,-993,0,Discharging,N/A,3824,0
1791078658,2588.14,41450,-89.078,-971,0,Discharging,N/A,3824,0
1791078663,2593.36,41534,-90.630,-1045,0,Discharging,N/A,3744,0
1791078668,2598.59,41617,-92.493,-1349,0,Discharging,N/A,3744,0
1791078673,2603.82,41701,-94.148,-1030,0,Discharging,N/A,3784,0
1791078679,2609.04,41785,-95.596,-995,0,Discharging,N/A,3804,0
1791078684,2614.28,41869,-97.355,-961,0,Discharging,N/A,3824,0
1791078689,2619.50,41952,-98.907,-1502,0,Discharging,N/A,3644,0
1791078694,2624.75,42036,-100.666,-1612,0,Discharging,N/A,3664,0
1791078700,2629.99,42120,-102.425,-1352,0,Discharging,N/A,3664,0
1791078705,2635.22,42204,-104.080,-956,0,Discharging,N/A,3784,0
1791078710,2640.45,42287,-105.839,-1011,0,Discharging,N/A,3764,0
1791078715,2645.68,42371,-107.701,-1610,0,Discharging,N/A,3624,0
1791078721,2650.95,42455,-109.667,-1693,0,Discharging,N/A,3704,0
1791078726,2656.19,42539,-111.529,-932,0,Discharging,N/A,3804,0
1791078731,2661.43,42623,-112.978,-1576,0,Discharging,N/A,3564,0
1791078736,2666.67,42707,-114.736,-983,0,Discharging,N/A,3644,0
1791078741,2671.91,42791,-116.288,-967,0,Discharging,N/A,3804,0
1791078747,2677.12,42874,-117.944,-988,0,Discharging,N/A,3724,0
1791078752,2682.35,42958,-119.599,-1633,0,Discharging,N/A,3684,0
1791078757,2687.61,43042,-121.565,-1097,0,Discharging,N/A,3644,0
1791078762,2692.83,43126,-123.324,-1006,0,Discharging,N/A,3804,0
1791078768,2698.08,43209,-125.393,-1747,0,Discharging,N/A,3724,0
1791078773,2703.35,43294,-127.048,-1141,0,Discharging,N/A,3764,0
1791078778,2708.58,43378,-128.910,-1620,0,Discharging,N/A,3644,0
1791078783,2713.81,43461,-131.083,-1466,0,Discharging,N/A,3604,0
1791078789,2719.05,43545,-132.945,-1127,0,Discharging,N/A,3744,0
1791078794,2724.29,43629,-135.014,-1603,0,Discharging,N/A,3604,0
1791078799,2729.55,43713,-137.084,-1497,0,Discharging,N/A,3564,0
1791078804,2734.80,43797,-139.153,-1237,0,Discharging,N/A,3664,0
1791078810,2740.05,43881,-141.119,-1052,0,Discharging,N/A,3644,0
1791078815,2745.32,43965,-142.981,-1112,0,Discharging,N/A,3604,0
1791078820,2750.55,44049,-145.257,-1640,0,Discharging,N/A,3644,0
1791078825,2755.82,44133,-147.637,-1690,0,Discharging,N/A,3564,0
1791078831,2761.13,44219,-149.913,-1898,0,Discharging,N/A,3544,0
1791078836,2766.37,44302,-152.085,-1383,0,Discharging,N/A,3624,0
1791078841,2771.62,44386,-154.465,-1801,0,Discharging,N/A,3524,0
1791078846,2776.90,44471,-156.844,-1727,0,Discharging,N/A,2304,0
1791078852,2782.17,44555,-159.224,-1829,0,Discharging,N/A,3604,0
1791078857,2787.42,44639,-161.086,-1065,0,Discharging,N/A,3704,0
1791078862,2792.65,44723,-163.052,-1207,0,Discharging,N/A,3724,0
1791078867,2797.91,44807,-165.018,-1742,0,Discharging,N/A,3684,0
1791078873,2803.15,44891,-166.777,-980,0,Discharging,N/A,3784,0
1791078878,2808.39,44974,-168.329,-1693,0,Discharging,N/A,3724,0
1791078883,2813.69,45059,-169.984,-1107,0,Discharging,N/A,3764,0
1791078889,2818.93,45143,-171.743,-1169,0,Discharging,N/A,3764,0
1791078894,2824.18,45227,-173.398,-973,0,Discharging,N/A,3784,0
1791078899,2829.41,45311,-175.053,-1105,0,Discharging,N/A,3764,0
1791078904,2834.64,45395,-176.605,-942,0,Discharging,N/A,3764,0
1791078909,2839.86,45478,-177.950,-943,0,Discharging,N/A,3764,0
1791078915,2845.08,45562,-179.502,-966,0,Discharging,N/A,3784,0
1791078920,2850.31,45645,-180.847,-970,0,Discharging,N/A,3784,0
1791078925,2855.53,45729,-182.296,-951,0,Discharging,N/A,3804,0
1791078930,2860.76,45813,-183.641,-956,0,Discharging,N/A,3804,0
1791078936,2866.01,45896,-185.089,-1667,0,Discharging,N/A,3604,0
1791078941,2871.38,45983,-186.641,-961,0,Discharging,N/A,3764,0
1791078946,2876.60,46066,-187.986,-965,0,Discharging,N/A,3784,0
1791078951,2881.82,46150,-189.434,-941,0,Discharging,N/A,3784,0
1791078957,2887.04,46233,-190.779,-984,0,Discharging,N/A,3784,0
1791078962,2892.27,46317,-192.228,-947,0,Discharging,N/A,3784,0
1791078967,2897.49,46400,-193.573,-942,0,Discharging,N/A,3784,0
1791078972,2902.70,46484,-194.918,-1067,0,Discharging,N/A,3744,0
1791078977,2907.88,46567,-196.263,-988,0,Discharging,N/A,3784,0
1791078983,2913.09,46650,-197.711,-987,0,Discharging,N/A,3784,0
1791078988,2918.35,46734,-199.056,-938,0,Discharging,N/A,3744,0
1791078993,2923.56,46818,-200.401,-978,0,Discharging,N/A,3744,0
1791078998,2928.74,46900,-201.746,-963,0,Discharging,N/A,3784,0
1791079003,2933.96,46984,-203.194,-945,0,Discharging,N/A,3744,0
1791079009,2939.15,47067,-204.539,-955,0,Discharging,N/A,3784,0
1791079014,2944.38,47151,-205.988,-1124,0,Discharging,N/A,3784,0
1791079019,2949.61,47234,-207.333,-936,0,Discharging,N/A,3784,0
1791079024,2954.83,47318,-208.678,-973,0,Discharging,N/A,3784,0
1791079030,2960.06,47402,-210.126,-936,0,Discharging,N/A,3784,0
1791079035,2965.29,47485,-211.471,-971,0,Discharging,N/A,3784,0
1791079040,2970.52,47569,-212.816,-992,0,Discharging,N/A,3764,0
1791079045,2975.74,47653,-214.265,-944,0,Discharging,N/A,3764,0
1791079051,2980.98,47736,-215.610,-940,0,Discharging,N/A,3784,0
1791079056,2986.19,47820,-216.955,-968,0,Discharging,N/A,3784,0
1791079061,2991.42,47903,-218.403,-1006,0,Discharging,N/A,3764,0
1791079066,2996.64,47987,-219.748,-942,0,Discharging,N/A,3744,0
1791079071,3001.87,48071,-221.196,-916,0,Discharging,N/A,3784,0
1791079077,3007.10,48154,-222.541,-1008,0,Discharging,N/A,3724,0
1791079082,3012.32,48238,-223.990,-1106,0,Discharging,N/A,3744,0
1791079087,3017.54,48321,-225.335,-1111,0,Discharging,N/A,3744,0
1791079092,3022.76,48405,-226.783,-916,0,Discharging,N/A,3784,0
1791079098,3027.99,48489,-228.128,-961,0,Discharging,N/A,3784,0
1791079103,3033.23,48572,-229.473,-944,0,Discharging,N/A,3764,0
1791079108,3038.45,48656,-230.922,-945,0,Discharging,N/A,3784,0
1791079113,3043.67,48740,-232.267,-1005,0,Discharging,N/A,3784,0
1791079118,3048.90,48823,-233.612,-952,0,Discharging,N/A,3784,0
1791079124,3054.12,48907,-235.060,-921,0,Discharging,N/A,3804,0
1791079129,3059.34,48990,-236.405,-938,0,Discharging,N/A,3784,0
1791079134,3064.58,49074,-237.853,-977,0,Discharging,N/A,3764,0
1791079139,3069.81,49158,-239.198,-990,0,Discharging,N/A,3784,0
1791079145,3075.03,49241,-240.647,-933,0,Discharging,N/A,3784,0
1791079150,3080.24,49325,-241.992,-965,0,Discharging,N/A,3784,0
1791079155,3085.47,49408,-243.337,-963,0,Discharging,N/A,3764,0
1791079160,3090.68,49492,-244.785,-955,0,Discharging,N/A,3744,0
1791079165,3095.91,49575,-246.130,-941,0,Discharging,N/A,3744,0
1791079171,3101.13,49659,-247.579,-997,0,Discharging,N/A,3764,0
1791079176,3106.34,49742,-248.924,-939,0,Discharging,N/A,3764,0
1791079181,3111.56,49826,-250.269,-984,0,Discharging,N/A,3764,0
1791079186,3116.79,49910,-251.717,-1038,0,Discharging,N/A,3784,0
1791079192,3122.01,49993,-253.062,-933,0,Discharging,N/A,3804,0
1791079197,3127.24,50077,-254.510,-959,0,Discharging,N/A,3744,0
1791079202,3132.46,50160,-255.855,-967,0,Discharging,N/A,3764,0
1791079207,3137.68,50244,-257.200,-935,0,Discharging,N/A,3724,0
1791079212,3142.90,50327,-258.649,-911,0,Discharging,N/A,3804,0
1791079218,3148.11,50411,-259.994,-1016,0,Discharging,N/A,3784,0
1791079223,3153.33,50494,-261.442,-935,0,Discharging,N/A,3724,0
1791079228,3158.54,50578,-262.787,-964,0,Discharging,N/A,3764,0
1791079233,3163.77,50661,-264.132,-951,0,Discharging,N/A,3724,0
1791079239,3168.99,50745,-265.581,-956,0,Discharging,N/A,3764,0
1791079244,3174.21,50828,-266.926,-930,0,Discharging,N/A,3764,0
1791079249,3179.45,50912,-268.271,-935,0,Discharging,N/A,3764,0
1791079254,3184.68,50996,-269.719,-1023,0,Discharging,N/A,3764,0
1791079259,3189.92,51080,-271.064,-955,0,Discharging,N/A,3764,0
1791079265,3195.14,51163,-272.409,-971,0,Discharging,N/A,3664,0
1791079270,3200.35,51247,-273.857,-986,0,Discharging,N/A,3764,0
1791079275,3205.58,51330,-275.202,-953,0,Discharging,N/A,3764,0
1791079280,3210.81,51414,-276.547,-949,0,Discharging,N/A,3764,0
1791079286,3216.02,51497,-277.996,-963,0,Discharging,N/A,3784,0
1791079291,3221.24,51581,-279.341,-960,0,Discharging,N/A,3764,0
1791079296,3226.47,51665,-280.686,-908,0,Discharging,N/A,3704,0
1791079301,3231.69,51748,-282.031,-1001,0,Discharging,N/A,3764,0
1791079306,3236.91,51832,-283.479,-929,0,Discharging,N/A,3764,0
1791079312,3242.13,51915,-284.824,-913,0,Discharging,N/A,3784,0
1791079317,3247.36,51999,-286.169,-965,0,Discharging,N/A,3764,0
1791079322,3252.60,52083,-287.514,-964,0,Discharging,N/A,3764,0
1791079327,3257.81,52166,-288.859,-931,0,Discharging,N/A,3764,0
1791079333,3263.04,52250,-290.308,-963,0,Discharging,N/A,3764,0
1791079338,3268.26,52333,-291.653,-938,0,Discharging,N/A,3724,0
1791079343,3273.49,52417,-292.998,-936,0,Discharging,N/A,3764,0
1791079348,3278.71,52501,-294.446,-967,0,Discharging,N/A,3764,0
1791079353,3283.93,52584,-295.791,-964,0,Discharging,N/A,3764,0
1791079359,3289.15,52668,-297.136,-975,0,Discharging,N/A,3764,0
1791079364,3294.37,52751,-298.584,-971,0,Discharging,N/A,3764,0
1791079369,3299.60,52835,-299.929,-985,0,Discharging,N/A,3744,0
1791079374,3304.82,52918,-301.274,-978,0,Discharging,N/A,3764,0
1791079380,3310.05,53002,-302.723,-951,0,Discharging,N/A,3764,0
1791079385,3315.27,53086,-304.068,-939,0,Discharging,N/A,3764,0
1791079390,3320.49,53169,-305.413,-948,0,Discharging,N/A,3764,0
1791079395,3325.72,53253,-306.861,-1076,0,Discharging,N/A,3744,0
1791079401,3330.97,53337,-308.206,-975,0,Discharging,N/A,3744,0
1791079406,3336.18,53420,-309.551,-975,0,Discharging,N/A,3764,0
1791079411,3341.34,53503,-310.896,-984,0,Discharging,N/A,3744,0
1791079416,3346.57,53586,-312.344,-1079,0,Discharging,N/A,3744,0
1791079421,3351.79,53670,-313.689,-1059,0,Discharging,N/A,3744,0
1791079427,3357.02,53754,-315.034,-997,0,Discharging,N/A,3764,0
1791079432,3362.24,53837,-316.379,-943,0,Discharging,N/A,3764,0
1791079437,3367.47,53921,-317.828,-944,0,Discharging,N/A,3744,0
1791079442,3372.69,54004,-319.173,-945,0,Discharging,N/A,3744,0
1791079447,3377.91,54088,-320.518,-1016,0,Discharging,N/A,3784,0
1791079453,3383.13,54171,-321.966,-917,0,Discharging,N/A,3764,0
1791079458,3388.35,54255,-323.311,-1012,0,Discharging,N/A,3744,0
1791079463,3393.57,54338,-324.656,-949,0,Discharging,N/A,3744,0
1791079468,3398.81,54422,-326.001,-1021,0,Discharging,N/A,3744,0
1791079474,3404.03,54506,-327.450,-929,0,Discharging,N/A,3764,0
1791079479,3409.25,54589,-328.795,-1034,0,Discharging,N/A,3744,0
1791079484,3414.47,54673,-330.140,-959,0,Discharging,N/A,3764,0
1791079489,3419.69,54756,-331.485,-1018,0,Discharging,N/A,3744,0
1791079494,3424.91,54840,-332.933,-973,0,Discharging,N/A,3744,0
1791079500,3430.12,54923,-334.278,-1081,0,Discharging,N/A,3764,0
1791079505,3435.33,55007,-335.623,-987,0,Discharging,N/A,3724,0
1791079510,3440.55,55090,-337.071,-997,0,Discharging,N/A,3744,0
1791079515,3445.77,55174,-338.416,-947,0,Discharging,N/A,3764,0
1791079521,3450.99,55257,-339.761,-975,0,Discharging,N/A,3764,0
1791079526,3456.23,55341,-341.106,-1021,0,Discharging,N/A,3744,0
1791079531,3461.45,55425,-342.555,-965,0,Discharging,N/A,3744,0
1791079536,3466.67,55508,-343.900,-952,0,Discharging,N/A,3744,0
1791079541,3471.90,55592,-345.245,-951,0,Discharging,N/A,3744,0
1791079547,3477.12,55675,-346.693,-952,0,Discharging,N/A,3724,0
1791079552,3482.35,55759,-348.038,-961,0,Discharging,N/A,3744,0
1791079557,3487.57,55843,-349.383,-989,0,Discharging,N/A,3744,0
1791079562,3492.79,55926,-350.832,-920,0,Discharging,N/A,3744,0
1791079568,3498.02,56010,-352.176,-981,0,Discharging,N/A,3744,0
1791079573,3503.24,56093,-353.521,-973,0,Discharging,N/A,3744,0
1791079578,3508.47,56177,-354.970,-1064,0,Discharging,N/A,3744,0
1791079583,3513.70,56261,-356.315,-930,0,Discharging,N/A,3744,0
1791079588,3518.92,56344,-357.660,-964,0,Discharging,N/A,3744,0
1791079594,3524.15,56428,-359.108,-951,0,Discharging,N/A,3744,0
1791079599,3529.38,56512,-360.453,-1057,0,Discharging,N/A,3724,0
1791079604,3534.60,56595,-361.798,-979,0,Discharging,N/A,3704,0
1791079609,3539.83,56679,-363.247,-1005,0,Discharging,N/A,3744,0
1791079615,3545.04,56762,-364.592,-908,0,Discharging,N/A,3744,0
1791079620,3550.26,56846,-365.937,-1016,0,Discharging,N/A,3744,0
1791079625,3555.50,56930,-367.385,-980,0,Discharging,N/A,3724,0
1791079630,3560.73,57013,-368.730,-932,0,Discharging,N/A,3744,0
1791079636,3565.95,57097,-370.075,-920,0,Discharging,N/A,3764,0
1791079641,3571.19,57181,-371.420,-941,0,Discharging,N/A,3744,0
1791079646,3576.42,57264,-372.868,-984,0,Discharging,N/A,3744,0
1791079651,3581.64,57348,-374.213,-940,0,Discharging,N/A,3744,0
1791079656,3586.86,57431,-375.558,-935,0,Discharging,N/A,3744,0
1791079662,3592.09,57515,-377.007,-952,0,Discharging,N/A,3724,0
1791079667,3597.32,57599,-378.352,-969,0,Discharging,N/A,3744,0
1791079672,3602.54,57682,-379.697,-1007,0,Discharging,N/A,3724,0
1791079677,3607.77,57766,-381.145,-983,0,Discharging,N/A,3744,0
1791079683,3613.01,57850,-382.490,-959,0,Discharging,N/A,3744,0
1791079688,3618.24,57933,-383.835,-935,0,Discharging,N/A,3744,0
1791079693,3623.47,58017,-385.284,-937,0,Discharging,N/A,3744,0
1791079698,3628.68,58101,-386.629,-921,0,Discharging,N/A,3744,0
1791079703,3633.91,58184,-387.974,-969,0,Discharging,N/A,3744,0
1791079709,3639.13,58268,-389.422,-971,0,Discharging,N/A,3724,0
1791079714,3644.36,58351,-390.767,-995,0,Discharging,N/A,3744,0
1791079719,3649.59,58435,-392.112,-932,0,Discharging,N/A,3724,0
1791079724,3654.82,58519,-393.560,-983,0,Discharging,N/A,3744,0
1791079730,3660.03,58602,-394.905,-987,0,Discharging,N/A,3744,0
1791079735,3665.25,58686,-396.250,-947,0,Discharging,N/A,3744,0
1791079740,3670.48,58769,-397.699,-949,0,Discharging,N/A,3764,0
1791079745,3675.71,58853,-399.044,-964,0,Discharging,N/A,3724,0
1791079750,3680.93,58937,-400.492,-959,0,Discharging,N/A,3724,0
1791079756,3686.15,59020,-401.837,-948,0,Discharging,N/A,3724,0
1791079761,3691.37,59104,-403.182,-957,0,Discharging,N/A,3704,0
1791079766,3696.60,59187,-404.631,-972,0,Discharging,N/A,3724,0
1791079771,3701.82,59271,-405.976,-967,0,Discharging,N/A,3724,0
1791079777,3707.05,59354,-407.321,-933,0,Discharging,N/A,3724,0
1791079782,3712.27,59438,-408.769,-916,0,Discharging,N/A,3744,0
1791079787,3717.49,59522,-410.114,-984,0,Discharging,N/A,3724,0
1791079792,3722.72,59605,-411.562,-938,0,Discharging,N/A,3704,0
1791079797,3727.94,59689,-412.907,-983,0,Discharging,N/A,3684,0
1791079803,3733.16,59772,-414.252,-1049,0,Discharging,N/A,3724,0
1791079808,3738.39,59856,-415.701,-1174,0,Discharging,N/A,3704,0
1791079813,3743.56,59939,-417.046,-1021,0,Discharging,N/A,3724,0
1791079818,3748.79,60022,-418.391,-1167,0,Discharging,N/A,3664,0
1791079824,3753.96,60105,-419.736,-1020,0,Discharging,N/A,3724,0
1791079829,3759.19,60189,-421.184,-1059,0,Discharging,N/A,3724,0
1791079834,3764.41,60272,-422.529,-967,0,Discharging,N/A,3724,0
1791079839,3769.63,60356,-423.978,-970,0,Discharging,N/A,3724,0
1791079844,3774.87,60440,-425.323,-1062,0,Discharging,N/A,3664,0
1791079850,3780.09,60523,-426.668,-1006,0,Discharging,N/A,3724,0
1791079855,3785.30,60607,-428.116,-987,0,Discharging,N/A,3724,0
1791079860,3790.52,60690,-429.461,-945,0,Discharging,N/A,3724,0
1791079865,3795.75,60774,-430.806,-1004,0,Discharging,N/A,3724,0
1791079871,3800.98,60857,-432.254,-925,0,Discharging,N/A,3704,0
1791079876,3806.20,60941,-433.599,-943,0,Discharging,N/A,3724,0
1791079881,3811.42,61025,-434.944,-1008,0,Discharging,N/A,3724,0
1791079886,3816.65,61108,-436.393,-951,0,Discharging,N/A,3724,0
1791079891,3821.87,61192,-437.738,-1033,0,Discharging,N/A,3724,0
1791079897,3827.09,61275,-439.083,-959,0,Discharging,N/A,3684,0
1791079902,3832.31,61359,-440.531,-969,0,Discharging,N/A,3724,0
1791079907,3837.53,61442,-441.876,-929,0,Discharging,N/A,3724,0
1791079912,3842.76,61526,-443.221,-940,0,Discharging,N/A,3724,0
1791079918,3847.99,61610,-444.670,-948,0,Discharging,N/A,3724,0
1791079923,3853.20,61693,-446.014,-951,0,Discharging,N/A,3704,0
1791079928,3858.43,61777,-447.463,-982,0,Discharging,N/A,3724,0
1791079933,3863.65,61860,-448.808,-952,0,Discharging,N/A,3724,0
1791079938,3868.87,61944,-450.153,-989,0,Discharging,N/A,3724,0
1791079944,3874.09,62027,-451.601,-1011,0,Discharging,N/A,3724,0
1791079949,3879.31,62111,-452.946,-958,0,Discharging,N/A,3664,0
1791079954,3884.54,62195,-454.395,-980,0,Discharging,N/A,3724,0
1791079959,3889.74,62278,-455.740,-961,0,Discharging,N/A,3684,0
1791079965,3894.96,62361,-457.085,-973,0,Discharging,N/A,3724,0
1791079970,3900.18,62445,-458.533,-954,0,Discharging,N/A,3724,0
1791079975,3905.41,62529,-459.878,-973,0,Discharging,N/A,3704,0
1791079980,3910.65,62612,-461.223,-961,0,Discharging,N/A,3724,0
1791079985,3915.87,62696,-462.672,-948,0,Discharging,N/A,3664,0
1791079991,3921.10,62780,-464.016,-992,0,Discharging,N/A,3704,0
1791079996,3926.32,62863,-465.465,-1015,0,Discharging,N/A,3724,0
1791080001,3931.54,62947,-466.913,-1000,0,Discharging,N/A,3684,0
1791080006,3936.77,63030,-468.362,-963,0,Discharging,N/A,3724,0
1791080012,3941.99,63114,-469.707,-956,0,Discharging,N/A,3744,0
1791080017,3947.21,63197,-471.052,-965,0,Discharging,N/A,3724,0
1791080022,3952.44,63281,-472.500,-1107,0,Discharging,N/A,3704,0
1791080027,3957.66,63365,-473.845,-961,0,Discharging,N/A,3724,0
1791080032,3962.89,63448,-475.294,-960,0,Discharging,N/A,3724,0
1791080038,3968.10,63532,-476.639,-1041,0,Discharging,N/A,3704,0
1791080043,3973.33,63615,-477.984,-945,0,Discharging,N/A,3724,0
1791080048,3978.56,63699,-479.432,-954,0,Discharging,N/A,3724,0
1791080053,3983.78,63783,-480.777,-945,0,Discharging,N/A,3704,0
1791080059,3989.01,63866,-482.225,-968,0,Discharging,N/A,3704,0
1791080064,3994.25,63950,-483.570,-1007,0,Discharging,N/A,3724,0
1791080069,3999.50,64034,-485.019,-963,0,Discharging,N/A,3704,0
1791080074,4004.72,64118,-486.364,-988,0,Discharging,N/A,3704,0
1791080079,4009.94,64201,-487.812,-923,0,Discharging,N/A,3704,0
1791080085,4015.18,64285,-489.157,-991,0,Discharging,N/A,3724,0
1791080090,4020.48,64370,-490.606,-1084,0,Discharging,N/A,3704,0
1791080095,4025.72,64454,-491.951,-989,0,Discharging,N/A,3724,0
1791080100,4030.94,64537,-493.399,-1012,0,Discharging,N/A,3704,0
1791080106,4036.17,64621,-494.744,-965,0,Discharging,N/A,3704,0
1791080111,4041.39,64704,-496.089,-946,0,Discharging,N/A,3684,0
1791080116,4046.61,64788,-497.537,-955,0,Discharging,N/A,3704,0
1791080122,4051.83,64871,-498.882,-969,0,Discharging,N/A,3704,0
1791080127,4057.18,64957,-500.331,-936,0,Discharging,N/A,3704,0
1791080132,4062.42,65041,-501.676,-968,0,Discharging,N/A,3704,0
1791080137,4067.63,65124,-503.124,-1010,0,Discharging,N/A,3684,0
1791080142,4072.85,65208,-504.469,-1010,0,Discharging,N/A,3704,0
1791080148,4078.07,65291,-505.814,-924,0,Discharging,N/A,3704,0
1791080153,4083.28,65375,-507.263,-975,0,Discharging,N/A,3704,0
1791080158,4088.50,65458,-508.608,-964,0,Discharging,N/A,3704,0
1791080163,4093.72,65542,-510.056,-920,0,Discharging,N/A,3664,0
1791080168,4098.95,65625,-511.401,-964,0,Discharging,N/A,3684,0
1791080174,4104.16,65709,-512.849,-978,0,Discharging,N/A,3704,0
1791080179,4109.39,65793,-514.194,-976,0,Discharging,N/A,3684,0
1791080184,4114.57,65875,-515.643,-915,0,Discharging,N/A,3704,0
1791080189,4119.79,65959,-516.988,-946,0,Discharging,N/A,3684,0
1791080195,4124.97,66042,-518.333,-917,0,Discharging,N/A,3724,0
1791080200,4130.19,66125,-519.781,-954,0,Discharging,N/A,3704,0
1791080205,4135.42,66209,-521.126,-969,0,Discharging,N/A,3704,0
1791080210,4140.64,66292,-522.471,-947,0,Discharging,N/A,3704,0
1791080215,4145.85,66376,-523.920,-989,0,Discharging,N/A,3684,0
1791080221,4151.08,66460,-525.368,-981,0,Discharging,N/A,3704,0
1791080226,4156.31,66543,-526.713,-959,0,Discharging,N/A,3704,0
1791080231,4161.53,66627,-528.162,-1006,0,Discharging,N/A,3704,0
1791080236,4166.76,66710,-529.507,-970,0,Discharging,N/A,3704,0
1791080242,4171.97,66794,-530.955,-974,0,Discharging,N/A,3684,0
1791080247,4177.22,66878,-532.300,-979,0,Discharging,N/A,3704,0
1791080252,4182.44,66961,-533.645,-997,0,Discharging,N/A,3704,0
1791080257,4187.67,67045,-535.093,-983,0,Discharging,N/A,3704,0
1791080262,4192.89,67128,-536.438,-950,0,Discharging,N/A,3704,0
1791080268,4198.11,67212,-537.887,-965,0,Discharging,N/A,3684,0
1791080273,4203.33,67295,-539.232,-988,0,Discharging,N/A,3684,0
1791080278,4208.55,67379,-540.577,-969,0,Discharging,N/A,3704,0
1791080283,4213.77,67462,-542.025,-1010,0,Discharging,N/A,3704,0
1791080289,4218.99,67546,-543.370,-970,0,Discharging,N/A,3704,0
1791080294,4224.21,67629,-544.819,-962,0,Discharging,N/A,3684,0
1791080299,4229.44,67713,-546.164,-921,0,Discharging,N/A,3704,0
1791080304,4234.66,67797,-547.612,-948,0,Discharging,N/A,3684,0
1791080309,4239.89,67880,-548.957,-989,0,Discharging,N/A,3704,0
1791080315,4245.11,67964,-550.405,-1036,0,Discharging,N/A,3684,0
1791080320,4250.33,68047,-551.750,-947,0,Discharging,N/A,3684,0
1791080325,4255.56,68131,-553.199,-961,0,Discharging,N/A,3684,0
1791080330,4260.78,68215,-554.544,-929,0,Discharging,N/A,3684,0
1791080336,4265.99,68298,-555.889,-967,0,Discharging,N/A,3684,0
1791080341,4271.21,68382,-557.337,-989,0,Discharging,N/A,3644,0
1791080346,4276.42,68465,-558.682,-993,0,Discharging,N/A,3684,0
1791080351,4281.65,68548,-560.131,-955,0,Discharging,N/A,3664,0
1791080356,4286.86,68632,-561.476,-968,0,Discharging,N/A,3664,0
1791080362,4292.09,68716,-562.924,-1012,0,Discharging,N/A,3664,0
1791080367,4297.33,68799,-564.269,-985,0,Discharging,N/A,3684,0
1791080372,4302.56,68883,-565.717,-972,0,Discharging,N/A,3684,0
1791080377,4307.79,68967,-567.166,-969,0,Discharging,N/A,3684,0
1791080383,4313.01,69050,-568.511,-965,0,Discharging,N/A,3684,0
1791080388,4318.23,69134,-569.856,-987,0,Discharging,N/A,3684,0
1791080393,4323.45,69217,-571.304,-989,0,Discharging,N/A,3684,0
1791080398,4328.67,69301,-572.649,-987,0,Discharging,N/A,3684,0
1791080403,4333.89,69384,-574.098,-1023,0,Discharging,N/A,3684,0
1791080409,4339.11,69468,-575.443,-974,0,Discharging,N/A,3684,0
1791080414,4344.33,69551,-576.891,-985,0,Discharging,N/A,3684,0
1791080419,4349.55,69635,-578.236,-996,0,Discharging,N/A,3684,0
1791080424,4354.77,69718,-579.581,-984,0,Discharging,N/A,3684,0
1791080430,4360.00,69802,-581.029,-979,0,Discharging,N/A,3684,0
1791080435,4365.23,69886,-582.374,-1048,0,Discharging,N/A,3624,0
1791080440,4370.45,69969,-583.823,-987,0,Discharging,N/A,3684,0
1791080445,4375.67,70053,-585.168,-976,0,Discharging,N/A,3684,0
1791080450,4380.89,70136,-586.616,-961,0,Discharging,N/A,3684,0
1791080456,4386.10,70220,-587.961,-965,0,Discharging,N/A,3684,0
1791080461,4391.32,70303,-589.410,-960,0,Discharging,N/A,3684,0
1791080466,4396.54,70387,-590.755,-990,0,Discharging,N/A,3704,0
1791080471,4401.76,70470,-592.203,-944,0,Discharging,N/A,3684,0
1791080477,4406.99,70554,-593.548,-980,0,Discharging,N/A,3684,0
1791080482,4412.21,70637,-594.997,-962,0,Discharging,N/A,3684,0
1791080487,4417.43,70721,-596.341,-985,0,Discharging,N/A,3664,0
1791080492,4422.66,70805,-597.790,-1008,0,Discharging,N/A,3684,0
1791080497,4427.88,70888,-599.135,-984,0,Discharging,N/A,3644,0
1791080503,4433.09,70971,-600.583,-979,0,Discharging,N/A,3664,0
1791080508,4438.31,71055,-601.928,-977,0,Discharging,N/A,3644,0
1791080513,4443.52,71138,-603.377,-941,0,Discharging,N/A,3684,0
1791080518,4448.75,71222,-604.722,-969,0,Discharging,N/A,3684,0
1791080524,4453.98,71306,-606.170,-975,0,Discharging,N/A,3684,0
1791080529,4459.21,71389,-607.515,-943,0,Discharging,N/A,3684,0
1791080534,4464.42,71473,-608.964,-981,0,Discharging,N/A,3664,0
1791080539,4469.64,71556,-610.309,-1001,0,Discharging,N/A,3664,0
1791080544,4474.86,71640,-611.757,-963,0,Discharging,N/A,3684,0
1791080550,4480.08,71723,-613.102,-980,0,Discharging,N/A,3684,0
1791080555,4485.31,71807,-614.550,-979,0,Discharging,N/A,3664,0
1791080560,4490.54,71891,-615.895,-995,0,Discharging,N/A,3644,0
1791080565,4495.76,71974,-617.344,-994,0,Discharging,N/A,3644,0
1791080571,4500.98,72058,-618.689,-972,0,Discharging,N/A,3664,0
1791080576,4506.21,72141,-620.137,-945,0,Discharging,N/A,3684,0
1791080581,4511.43,72225,-621.586,-973,0,Discharging,N/A,3664,0
1791080586,4516.64,72308,-623.034,-1006,0,Discharging,N/A,3664,0
1791080591,4521.87,72392,-624.483,-1109,0,Discharging,N/A,3684,0
1791080597,4527.10,72476,-625.931,-970,0,Discharging,N/A,3684,0
1791080602,4532.35,72560,-627.276,-1006,0,Discharging,N/A,3664,0
1791080607,4537.58,72643,-628.724,-1000,0,Discharging,N/A,3684,0
1791080612,4542.79,72727,-630.069,-991,0,Discharging,N/A,3664,0
1791080618,4547.98,72810,-631.414,-981,0,Discharging,N/A,3664,0
1791080623,4553.22,72894,-632.863,-1060,0,Discharging,N/A,3624,0
1791080628,4558.39,72976,-634.208,-958,0,Discharging,N/A,3684,0
1791080633,4563.61,73060,-635.656,-1163,0,Discharging,N/A,3664,0
1791080638,4568.84,73143,-637.001,-1021,0,Discharging,N/A,3684,0
1791080644,4574.06,73227,-638.450,-976,0,Discharging,N/A,3684,0
1791080649,4579.29,73311,-639.898,-984,0,Discharging,N/A,3684,0
1791080654,4584.51,73394,-641.243,-982,0,Discharging,N/A,3664,0
1791080659,4589.73,73478,-642.691,-972,0,Discharging,N/A,3664,0
1791080665,4594.96,73561,-644.036,-966,0,Discharging,N/A,3684,0
1791080670,4600.19,73645,-645.485,-1007,0,Discharging,N/A,3664,0
1791080675,4605.42,73729,-646.830,-967,0,Discharging,N/A,3664,0
1791080680,4610.63,73812,-648.175,-1032,0,Discharging,N/A,3664,0
1791080685,4615.85,73896,-649.623,-967,0,Discharging,N/A,3624,0
1791080691,4621.07,73979,-650.968,-960,0,Discharging,N/A,3684,0
1791080696,4626.31,74063,-652.417,-935,0,Discharging,N/A,3664,0
1791080701,4631.53,74147,-653.865,-951,0,Discharging,N/A,3664,0
1791080706,4636.77,74230,-655.210,-969,0,Discharging,N/A,3664,0
1791080712,4642.00,74314,-656.555,-999,0,Discharging,N/A,3664,0
1791080717,4647.23,74398,-658.004,-989,0,Discharging,N/A,3684,0
1791080722,4652.46,74481,-659.452,-1015,0,Discharging,N/A,3664,0
1791080727,4657.69,74565,-660.797,-1001,0,Discharging,N/A,3664,0
1791080732,4662.90,74648,-662.245,-947,0,Discharging,N/A,3684,0
1791080738,4668.12,74732,-663.590,-963,0,Discharging,N/A,3664,0
1791080743,4673.34,74815,-664.935,-986,0,Discharging,N/A,3664,0
1791080748,4678.56,74899,-666.384,-984,0,Discharging,N/A,3624,0
1791080753,4683.77,74982,-667.729,-974,0,Discharging,N/A,3664,0
1791080759,4688.99,75066,-669.177,-987,0,Discharging,N/A,3644,0
1791080764,4694.22,75150,-670.626,-917,0,Discharging,N/A,3664,0
1791080769,4699.44,75233,-671.971,-1000,0,Discharging,N/A,3664,0
1791080774,4704.66,75317,-673.419,-1013,0,Discharging,N/A,3644,0
1791080779,4709.87,75400,-674.764,-936,0,Discharging,N/A,3664,0
1791080785,4715.10,75484,-676.212,-975,0,Discharging,N/A,3664,0
1791080790,4720.34,75567,-677.557,-964,0,Discharging,N/A,3664,0
1791080795,4725.57,75651,-679.006,-987,0,Discharging,N/A,3664,0
1791080800,4730.81,75735,-680.351,-971,0,Discharging,N/A,3664,0
1791080806,4736.02,75818,-681.799,-1025,0,Discharging,N/A,3664,0
1791080811,4741.24,75902,-683.144,-971,0,Discharging,N/A,3664,0
1791080816,4746.47,75986,-684.593,-1102,0,Discharging,N/A,3664,0
1791080821,4751.70,76069,-685.938,-957,0,Discharging,N/A,3664,0
1791080826,4756.93,76153,-687.386,-969,0,Discharging,N/A,3664,0
1791080832,4762.15,76236,-688.731,-1019,0,Discharging,N/A,3664,0
1791080837,4767.36,76320,-690.179,-960,0,Discharging,N/A,3624,0
1791080842,4772.58,76403,-691.524,-954,0,Discharging,N/A,3664,0
1791080847,4777.82,76487,-692.973,-988,0,Discharging,N/A,3664,0
1791080853,4783.04,76571,-694.421,-983,0,Discharging,N/A,3664,0
1791080858,4788.26,76654,-695.766,-983,0,Discharging,N/A,3664,0
1791080863,4793.48,76738,-697.215,-917,0,Discharging,N/A,3664,0
1791080868,4798.69,76821,-698.560,-990,0,Discharging,N/A,3664,0
1791080873,4803.92,76905,-700.008,-1006,0,Discharging,N/A,3644,0
1791080879,4809.14,76988,-701.353,-960,0,Discharging,N/A,3604,0
1791080884,4814.37,77072,-702.802,-998,0,Discharging,N/A,3644,0
1791080889,4819.60,77156,-704.147,-983,0,Discharging,N/A,3644,0
1791080894,4824.82,77239,-705.595,-981,0,Discharging,N/A,3644,0
1791080900,4830.04,77323,-707.043,-1052,0,Discharging,N/A,3664,0
1791080905,4835.26,77406,-708.388,-975,0,Discharging,N/A,3664,0
1791080910,4840.49,77490,-709.837,-1049,0,Discharging,N/A,3644,0
1791080915,4845.70,77573,-711.182,-949,0,Discharging,N/A,3644,0
1791080920,4850.93,77657,-712.630,-934,0,Discharging,N/A,3644,0
1791080926,4856.14,77740,-713.975,-972,0,Discharging,N/A,3664,0
1791080931,4861.36,77824,-715.424,-967,0,Discharging,N/A,3644,0
1791080936,4866.58,77907,-716.769,-984,0,Discharging,N/A,3664,0
1791080941,4871.81,77991,-718.217,-1029,0,Discharging,N/A,3644,0
1791080947,4877.02,78074,-719.562,-983,0,Discharging,N/A,3644,0
1791080952,4882.25,78158,-721.010,-974,0,Discharging,N/A,3644,0
1791080957,4887.48,78242,-722.355,-1016,0,Discharging,N/A,3644,0
1791080962,4892.70,78325,-723.804,-985,0,Discharging,N/A,3644,0
1791080967,4897.91,78409,-725.252,-982,0,Discharging,N/A,3644,0
1791080973,4903.14,78492,-726.597,-1008,0,Discharging,N/A,3644,0
1791080978,4908.37,78576,-728.046,-949,0,Discharging,N/A,3644,0
1791080983,4913.59,78660,-729.391,-1020,0,Discharging,N/A,3624,0
1791080988,4918.82,78743,-730.839,-953,0,Discharging,N/A,3644,0
1791080994,4924.04,78827,-732.288,-962,0,Discharging,N/A,3644,0
1791080999,4929.25,78910,-733.633,-1051,0,Discharging,N/A,3624,0
1791081004,4934.47,78994,-735.081,-1004,0,Discharging,N/A,3644,0
1791081009,4939.68,79077,-736.426,-1006,0,Discharging,N/A,3664,0
1791081014,4944.89,79160,-737.874,-1028,0,Discharging,N/A,3604,0
1791081020,4950.11,79244,-739.219,-980,0,Discharging,N/A,3644,0
1791081025,4955.33,79327,-740.668,-1093,0,Discharging,N/A,3604,0
1791081030,4960.50,79410,-742.013,-1007,0,Discharging,N/A,3644,0
1791081035,4965.72,79494,-743.461,-1146,0,Discharging,N/A,3644,0
1791081041,4970.95,79577,-744.910,-978,0,Discharging,N/A,3644,0
1791081046,4976.18,79661,-746.255,-949,0,Discharging,N/A,3604,0
1791081051,4981.35,79744,-747.703,-999,0,Discharging,N/A,3644,0
1791081056,4986.56,79827,-749.048,-1004,0,Discharging,N/A,3624,0
1791081061,4991.79,79911,-750.497,-980,0,Discharging,N/A,3624,0
1791081067,4997.00,79994,-751.842,-962,0,Discharging,N/A,3624,0
1791081072,5002.23,80078,-753.290,-1008,0,Discharging,N/A,3644,0
1791081077,5007.45,80161,-754.738,-992,0,Discharging,N/A,3644,0
1791081082,5012.69,80245,-756.083,-980,0,Discharging,N/A,3624,0
1791081087,5017.90,80329,-757.532,-963,0,Discharging,N/A,3644,0
1791081093,5023.12,80412,-758.877,-996,0,Discharging,N/A,3624,0
1791081098,5028.34,80496,-760.325,-967,0,Discharging,N/A,3664,0
1791081103,5033.56,80579,-761.774,-979,0,Discharging,N/A,3644,0
1791081108,5038.78,80663,-763.119,-966,0,Discharging,N/A,3624,0
1791081114,5044.00,80746,-764.567,-958,0,Discharging,N/A,3624,0
1791081119,5049.22,80830,-765.912,-953,0,Discharging,N/A,3584,0
1791081124,5054.45,80913,-767.360,-941,0,Discharging,N/A,3644,0
1791081129,5059.67,80997,-768.809,-1003,0,Discharging,N/A,3604,0
1791081134,5064.90,81081,-770.154,-1004,0,Discharging,N/A,3604,0
1791081140,5070.12,81164,-771.602,-1033,0,Discharging,N/A,3624,0
1791081145,5075.34,81248,-772.947,-975,0,Discharging,N/A,3604,0
1791081150,5080.58,81331,-774.396,-963,0,Discharging,N/A,3624,0
1791081155,5085.79,81415,-775.844,-927,0,Discharging,N/A,3624,0
1791081161,5091.02,81498,-777.189,-947,0,Discharging,N/A,3624,0
1791081166,5096.24,81582,-778.638,-950,0,Discharging,N/A,3644,0
1791081171,5101.45,81665,-779.983,-971,0,Discharging,N/A,3624,0
1791081176,5106.68,81749,-781.431,-985,0,Discharging,N/A,3624,0
1791081181,5111.89,81832,-782.776,-961,0,Discharging,N/A,3644,0
1791081187,5117.12,81916,-784.224,-985,0,Discharging,N/A,3624,0
1791081192,5122.34,82000,-785.673,-965,0,Discharging,N/A,3644,0
1791081197,5127.57,82083,-787.018,-981,0,Discharging,N/A,3604,0
1791081202,5132.79,82167,-788.466,-991,0,Discharging,N/A,3624,0
1791081208,5138.00,82250,-789.811,-987,0,Discharging,N/A,3624,0
1791081213,5143.22,82334,-791.363,-1315,0,Discharging,N/A,2304,0
1791081218,5148.35,82416,-793.018,-978,0,Discharging,N/A,3644,0
1791081223,5153.57,82499,-794.777,-991,0,Discharging,N/A,3624,0
1791081228,5158.80,82583,-796.226,-990,0,Discharging,N/A,3604,0
1791081234,5164.02,82667,-797.674,-1025,0,Discharging,N/A,3624,0
1791081239,5169.25,82750,-799.123,-961,0,Discharging,N/A,3624,0
1791081244,5174.47,82834,-800.468,-951,0,Discharging,N/A,3624,0
1791081249,5179.69,82917,-801.916,-1009,0,Discharging,N/A,3624,0
1791081254,5184.91,83001,-803.364,-987,0,Discharging,N/A,3624,0
1791081260,5190.13,83084,-804.709,-988,0,Discharging,N/A,3624,0
1791081265,5195.35,83168,-806.158,-969,0,Discharging,N/A,3624,0
1791081270,5200.57,83251,-807.503,-991,0,Discharging,N/A,3624,0
1791081275,5205.77,83335,-808.951,-941,0,Discharging,N/A,3624,0
1791081281,5211.00,83418,-810.400,-981,0,Discharging,N/A,3604,0
1791081286,5216.22,83502,-811.745,-980,0,Discharging,N/A,3624,0
1791081291,5221.42,83585,-813.193,-945,0,Discharging,N/A,3624,0
1791081296,5226.65,83669,-814.538,-967,0,Discharging,N/A,3604,0
1791081301,5231.88,83752,-815.987,-1018,0,Discharging,N/A,3624,0
1791081307,5237.11,83836,-817.435,-1006,0,Discharging,N/A,3644,0
1791081312,5242.33,83920,-818.883,-1058,0,Discharging,N/A,3624,0
1791081317,5247.54,84003,-820.228,-1040,0,Discharging,N/A,3624,0
1791081322,5252.76,84087,-821.677,-1056,0,Discharging,N/A,3604,0
1791081328,5257.99,84170,-823.022,-997,0,Discharging,N/A,3624,0
1791081333,5263.19,84253,-824.470,-983,0,Discharging,N/A,3624,0
1791081338,5268.41,84337,-825.919,-963,0,Discharging,N/A,3624,0
1791081343,5273.63,84420,-827.264,-969,0,Discharging,N/A,3624,0
1791081348,5278.84,84504,-828.712,-1005,0,Discharging,N/A,3624,0
1791081354,5284.05,84587,-830.057,-999,0,Discharging,N/A,3604,0
1791081359,5289.27,84671,-831.506,-1011,0,Discharging,N/A,3624,0
1791081364,5294.50,84754,-832.850,-935,0,Discharging,N/A,3604,0
1791081369,5299.72,84838,-834.299,-1024,0,Discharging,N/A,3624,0
1791081374,5304.93,84921,-835.747,-1002,0,Discharging,N/A,3624,0
1791081380,5310.17,85005,-837.196,-959,0,Discharging,N/A,3604,0
1791081385,5315.39,85089,-838.644,-1025,0,Discharging,N/A,3624,0
1791081390,5320.62,85172,-839.989,-1028,0,Discharging,N/A,3624,0
1791081395,5325.84,85256,-841.438,-948,0,Discharging,N/A,3584,0
1791081401,5331.04,85339,-842.783,-965,0,Discharging,N/A,3624,0
1791081406,5336.27,85423,-844.231,-987,0,Discharging,N/A,3604,0
1791081411,5341.49,85506,-845.679,-1044,0,Discharging,N/A,3584,0
1791081416,5346.72,85590,-847.024,-943,0,Discharging,N/A,3604,0
1791081422,5351.95,85674,-848.473,-1000,0,Discharging,N/A,3604,0
1791081427,5357.18,85757,-849.921,-979,0,Discharging,N/A,3624,0
1791081432,5362.41,85841,-851.370,-1038,0,Discharging,N/A,3624,0
1791081437,5367.64,85925,-852.715,-996,0,Discharging,N/A,3604,0
1791081442,5372.84,86008,-854.163,-973,0,Discharging,N/A,3604,0
1791081448,5378.07,86091,-855.508,-995,0,Discharging,N/A,3604,0
1791081453,5383.29,86175,-856.957,-978,0,Discharging,N/A,3624,0
1791081458,5388.51,86259,-858.405,-985,0,Discharging,N/A,3624,0
1791081463,5393.73,86342,-859.750,-1000,0,Discharging,N/A,3604,0
1791081468,5398.94,86426,-861.198,-943,0,Discharging,N/A,3564,0
1791081474,5404.11,86508,-862.647,-980,0,Discharging,N/A,3604,0
1791081479,5409.33,86592,-863.992,-1005,0,Discharging,N/A,3604,0
1791081484,5414.50,86674,-865.440,-971,0,Discharging,N/A,3624,0
1791081489,5419.71,86758,-866.785,-1025,0,Discharging,N/A,3584,0
1791081494,5424.91,86841,-868.234,-1003,0,Discharging,N/A,3604,0
1791081500,5430.13,86924,-869.579,-1065,0,Discharging,N/A,3604,0
1791081505,5435.35,87008,-871.027,-965,0,Discharging,N/A,3604,0
1791081510,5440.56,87091,-872.476,-985,0,Discharging,N/A,3544,0
1791081515,5445.78,87175,-873.821,-982,0,Discharging,N/A,3604,0
1791081521,5451.00,87258,-875.269,-973,0,Discharging,N/A,3604,0
1791081526,5456.22,87342,-876.717,-957,0,Discharging,N/A,3604,0
1791081531,5461.44,87426,-878.166,-929,0,Discharging,N/A,3604,0
1791081536,5466.67,87509,-879.511,-959,0,Discharging,N/A,3604,0
1791081541,5471.89,87593,-880.959,-928,0,Discharging,N/A,3604,0
1791081547,5477.11,87676,-882.304,-931,0,Discharging,N/A,3624,0
1791081552,5482.33,87760,-883.753,-1000,0,Discharging,N/A,3624,0
1791081557,5487.56,87843,-885.201,-1008,0,Discharging,N/A,3604,0
1791081562,5492.78,87927,-886.546,-967,0,Discharging,N/A,3584,0
1791081568,5498.01,88011,-887.995,-976,0,Discharging,N/A,3584,0
1791081573,5503.22,88094,-889.443,-1013,0,Discharging,N/A,3604,0
1791081578,5508.45,88178,-890.788,-1000,0,Discharging,N/A,3584,0
1791081583,5513.66,88261,-892.236,-972,0,Discharging,N/A,3604,0
1791081588,5518.89,88345,-893.685,-932,0,Discharging,N/A,3604,0
1791081594,5524.11,88428,-895.030,-994,0,Discharging,N/A,3584,0
1791081599,5529.32,88512,-896.478,-983,0,Discharging,N/A,3604,0
1791081604,5534.54,88595,-897.927,-1004,0,Discharging,N/A,3604,0
1791081609,5539.76,88679,-899.272,-955,0,Discharging,N/A,3604,0
1791081615,5544.98,88762,-900.720,-1294,0,Discharging,N/A,3604,0
1791081620,5550.19,88846,-902.169,-1027,0,Discharging,N/A,3604,0
1791081625,5555.41,88929,-903.617,-1001,0,Discharging,N/A,3584,0
1791081630,5560.63,89013,-904.962,-1002,0,Discharging,N/A,3604,0
1791081635,5565.85,89096,-906.410,-984,0,Discharging,N/A,3584,0
1791081641,5571.08,89180,-907.859,-948,0,Discharging,N/A,3604,0
1791081646,5576.29,89263,-909.307,-993,0,Discharging,N/A,3604,0
1791081651,5581.51,89347,-910.652,-1036,0,Discharging,N/A,3564,0
1791081656,5586.68,89429,-912.101,-1072,0,Discharging,N/A,3604,0
1791081662,5591.99,89514,-913.549,-991,0,Discharging,N/A,3604,0
1791081667,5597.21,89598,-914.998,-995,0,Discharging,N/A,3604,0
1791081672,5602.42,89681,-916.343,-934,0,Discharging,N/A,3604,0
1791081677,5607.64,89765,-917.791,-986,0,Discharging,N/A,3584,0
1791081682,5612.85,89848,-919.239,-1000,0,Discharging,N/A,3604,0
1791081688,5618.07,89932,-920.688,-967,0,Discharging,N/A,3604,0
1791081693,5623.43,90018,-922.136,-957,0,Discharging,N/A,3584,0
1791081698,5628.66,90101,-923.585,-1030,0,Discharging,N/A,3604,0
1791081704,5633.96,90186,-925.033,-957,0,Discharging,N/A,3604,0
1791081709,5639.19,90270,-926.482,-1002,0,Discharging,N/A,3604,0
1791081714,5644.49,90354,-927.930,-1104,0,Discharging,N/A,3564,0
1791081719,5649.72,90438,-929.378,-1508,0,Discharging,N/A,3604,0
1791081724,5654.91,90521,-930.827,-1039,0,Discharging,N/A,3604,0
1791081730,5660.13,90605,-932.172,-758,0,Discharging,N/A,3664,0
1791081735,5665.42,90689,-933.206,-771,0,Discharging,N/A,3664,0
1791081740,5670.70,90774,-934.345,-681,0,Discharging,N/A,3684,0
1791081745,5676.00,90859,-935.379,-711,0,Discharging,N/A,3624,0
1791081751,5681.15,90941,-936.414,-711,0,Discharging,N/A,3664,0
1791081756,5686.43,91025,-937.552,-726,0,Discharging,N/A,3664,0
1791081761,5691.64,91109,-938.586,-763,0,Discharging,N/A,3664,0
1791081767,5696.92,91193,-939.621,-725,0,Discharging,N/A,3664,0
1791081772,5702.23,91278,-940.656,-701,0,Discharging,N/A,3684,0
1791081777,5707.47,91362,-941.690,-730,0,Discharging,N/A,3664,0
1791081782,5712.78,91447,-942.725,-705,0,Discharging,N/A,3684,0
1791081788,5718.01,91531,-943.759,-786,0,Discharging,N/A,3664,0
1791081793,5723.23,91614,-944.794,-733,0,Discharging,N/A,3664,0
1791081798,5728.45,91698,-945.829,-701,0,Discharging,N/A,3684,0
1791081803,5733.75,91783,-946.863,-707,0,Discharging,N/A,3684,0
1791081809,5738.95,91866,-947.898,-760,0,Discharging,N/A,3664,0
1791081814,5744.32,91952,-948.932,-681,0,Discharging,N/A,3684,0
1791081819,5749.55,92035,-949.967,-709,0,Discharging,N/A,3664,0
1791081825,5754.96,92122,-951.105,-706,0,Discharging,N/A,3664,0
1791081830,5760.19,92206,-952.140,-741,0,Discharging,N/A,3624,0
1791081835,5765.37,92289,-953.174,-729,0,Discharging,N/A,3684,0
1791081840,5770.59,92372,-954.209,-774,0,Discharging,N/A,3664,0
1791081845,5775.80,92456,-955.243,-737,0,Discharging,N/A,3664,0
1791081851,5781.02,92539,-956.278,-704,0,Discharging,N/A,3664,0
1791081856,5786.23,92622,-957.209,-756,0,Discharging,N/A,3664,0
1791081861,5791.51,92707,-958.347,-737,0,Discharging,N/A,3664,0
1791081866,5796.73,92790,-959.382,-696,0,Discharging,N/A,3664,0
1791081872,5801.95,92874,-960.416,-745,0,Discharging,N/A,3664,0
1791081877,5807.25,92959,-961.451,-729,0,Discharging,N/A,3604,0
1791081882,5812.46,93042,-962.486,-722,0,Discharging,N/A,3664,0
1791081887,5817.69,93126,-963.520,-760,0,Discharging,N/A,3664,0
1791081892,5822.90,93209,-964.555,-714,0,Discharging,N/A,3664,0
1791081898,5828.13,93293,-965.589,-673,0,Discharging,N/A,3664,0
1791081903,5833.34,93376,-966.624,-725,0,Discharging,N/A,3664,0
1791081908,5838.72,93462,-967.659,-701,0,Discharging,N/A,3664,0
1791081914,5844.08,93548,-968.693,-696,0,Discharging,N/A,3684,0
1791081919,5849.32,93632,-969.728,-717,0,Discharging,N/A,3664,0
1791081924,5854.55,93716,-970.762,-705,0,Discharging,N/A,3644,0
1791081929,5859.92,93802,-971.797,-712,0,Discharging,N/A,3664,0
1791081935,5865.15,93885,-972.832,-728,0,Discharging,N/A,3624,0
1791081940,5870.30,93968,-973.866,-733,0,Discharging,N/A,3664,0
1791081945,5875.52,94051,-974.901,-734,0,Discharging,N/A,3624,0
1791081950,5880.82,94136,-975.935,-706,0,Discharging,N/A,3664,0
1791081956,5886.12,94221,-976.970,-752,0,Discharging,N/A,3664,0
1791081961,5891.34,94304,-978.005,-704,0,Discharging,N/A,3664,0
1791081966,5896.64,94389,-979.039,-710,0,Discharging,N/A,3664,0
1791081972,5901.86,94473,-980.074,-768,0,Discharging,N/A,3664,0
1791081977,5907.23,94559,-981.108,-720,0,Discharging,N/A,3664,0
1791081982,5912.53,94643,-982.143,-665,0,Discharging,N/A,3644,0
1791081987,5917.86,94729,-983.178,-728,0,Discharging,N/A,3664,0
1791081993,5923.08,94812,-984.212,-697,0,Discharging,N/A,3664,0
1791081998,5928.29,94896,-985.247,-698,0,Discharging,N/A,3664,0
1791082003,5933.52,94979,-986.281,-681,0,Discharging,N/A,3664,0
1791082009,5938.90,95065,-987.316,-729,0,Discharging,N/A,3664,0
1791082014,5944.21,95150,-988.350,-699,0,Discharging,N/A,3684,0
1791082019,5949.46,95234,-989.385,-744,0,Discharging,N/A,3664,0
1791082024,5954.67,95318,-990.420,-701,0,Discharging,N/A,3664,0
1791082030,5960.04,95404,-991.454,-703,0,Discharging,N/A,3664,0
1791082035,5965.27,95487,-992.489,-733,0,Discharging,N/A,3664,0
1791082040,5970.49,95571,-993.523,-701,0,Discharging,N/A,3644,0
1791082045,5975.71,95654,-994.558,-695,0,Discharging,N/A,3644,0
1791082051,5980.93,95738,-995.593,-719,0,Discharging,N/A,3664,0
1791082056,5986.24,95823,-996.627,-732,0,Discharging,N/A,3664,0
1791082061,5991.53,95907,-997.662,-751,0,Discharging,N/A,3664,0
1791082066,5996.75,95991,-998.696,-699,0,Discharging,N/A,3664,0
1791082072,6002.06,96076,-999.731,-707,0,Discharging,N/A,3644,0
1791082077,6007.28,96159,-1000.766,-725,0,Discharging,N/A,3664,0
1791082082,6012.64,96245,-1001.800,-768,0,Discharging,N/A,3664,0
1791082087,6017.86,96329,-1002.835,-700,0,Discharging,N/A,3644,0
1791082093,6023.16,96414,-1003.869,-716,0,Discharging,N/A,3664,0
1791082098,6028.38,96497,-1004.904,-795,0,Discharging,N/A,3644,0
1791082103,6033.55,96580,-1005.939,-679,0,Discharging,N/A,3644,0
1791082108,6038.79,96664,-1006.973,-764,0,Discharging,N/A,3664,0
1791082114,6044.08,96748,-1008.008,-688,0,Discharging,N/A,3664,0
1791082119,6049.30,96832,-1009.042,-775,0,Discharging,N/A,3644,0
1791082124,6054.47,96915,-1010.077,-702,0,Discharging,N/A,3664,0
1791082129,6059.76,96999,-1011.112,-735,0,Discharging,N/A,3664,0
1791082135,6065.07,97084,-1012.146,-733,0,Discharging,N/A,3664,0
1791082140,6070.30,97168,-1013.181,-714,0,Discharging,N/A,3624,0
1791082145,6075.47,97251,-1014.112,-735,0,Discharging,N/A,3644,0
1791082150,6080.76,97335,-1015.147,-721,0,Discharging,N/A,3664,0
1791082156,6085.98,97419,-1016.181,-719,0,Discharging,N/A,3664,0
1791082161,6091.28,97504,-1017.216,-692,0,Discharging,N/A,3664,0
1791082166,6096.51,97587,-1018.250,-662,0,Discharging,N/A,3684,0
1791082171,6101.87,97673,-1019.285,-736,0,Discharging,N/A,3664,0
1791082177,6107.11,97757,-1020.320,-841,0,Discharging,N/A,3644,0
1791082182,6112.48,97843,-1021.458,-680,0,Discharging,N/A,3644,0
1791082187,6117.69,97926,-1022.492,-724,0,Discharging,N/A,3644,0
1791082193,6122.91,98010,-1023.527,-728,0,Discharging,N/A,3644,0
1791082198,6128.21,98095,-1024.561,-724,0,Discharging,N/A,3664,0
1791082203,6133.58,98180,-1025.596,-718,0,Discharging,N/A,3644,0
1791082208,6138.81,98264,-1026.631,-711,0,Discharging,N/A,3644,0
1791082214,6144.09,98349,-1027.665,-712,0,Discharging,N/A,3624,0
1791082219,6149.27,98431,-1028.596,-704,0,Discharging,N/A,3644,0
1791082224,6154.64,98517,-1029.734,-734,0,Discharging,N/A,3644,0
1791082230,6159.96,98602,-1030.769,-732,0,Discharging,N/A,3644,0
1791082235,6165.18,98686,-1031.804,-728,0,Discharging,N/A,3644,0
1791082240,6170.40,98770,-1032.838,-701,0,Discharging,N/A,3644,0
1791082245,6175.63,98853,-1033.769,-722,0,Discharging,N/A,3644,0
1791082250,6180.88,98937,-1034.804,-719,0,Discharging,N/A,3644,0
1791082256,6186.17,99022,-1035.942,-733,0,Discharging,N/A,3644,0
1791082261,6191.45,99106,-1036.977,-712,0,Discharging,N/A,3644,0
1791082266,6196.68,99190,-1038.011,-732,0,Discharging,N/A,3644,0
1791082272,6201.96,99275,-1039.046,-721,0,Discharging,N/A,3644,0
1791082277,6207.33,99361,-1040.080,-742,0,Discharging,N/A,3664,0
1791082282,6212.55,99444,-1041.115,-701,0,Discharging,N/A,3644,0
1791082287,6217.87,99529,-1042.150,-665,0,Discharging,N/A,3644,0
1791082293,6223.09,99613,-1043.184,-725,0,Discharging,N/A,3604,0
1791082298,6228.40,99698,-1044.219,-740,0,Discharging,N/A,3644,0
1791082303,6233.62,99781,-1045.150,-664,0,Discharging,N/A,3644,0
1791082308,6238.90,99866,-1046.288,-702,0,Discharging,N/A,3624,0
1791082314,6244.07,99948,-1047.426,-742,0,Discharging,N/A,3644,0
1791082319,6249.28,100032,-1048.668,-1076,0,Discharging,N/A,2304,0
1791082324,6254.41,100114,-1050.116,-962,0,Discharging,N/A,2304,0
1791082329,6259.57,100196,-1051.461,-973,0,Discharging,N/A,3564,0
1791082334,6264.79,100280,-1052.909,-986,0,Discharging,N/A,2304,0
1791082339,6269.91,100362,-1054.254,-965,0,Discharging,N/A,2304,0
1791082345,6275.07,100444,-1055.703,-1041,0,Discharging,N/A,2304,0
1791082350,6280.24,100527,-1057.048,-972,0,Discharging,N/A,3564,0
1791082355,6285.46,100611,-1058.496,-961,0,Discharging,N/A,3564,0
1791082360,6290.69,100694,-1059.841,-983,0,Discharging,N/A,2304,0
1791082365,6295.81,100776,-1061.186,-918,0,Discharging,N/A,2304,0
1791082370,6300.93,100858,-1062.635,-1054,0,Discharging,N/A,3564,0
1791082376,6306.16,100942,-1063.980,-963,0,Discharging,N/A,3564,0
1791082381,6311.33,101025,-1065.428,-999,0,Discharging,N/A,2304,0
1791082386,6316.45,101106,-1066.773,-953,0,Discharging,N/A,3544,0
1791082391,6321.62,101189,-1068.118,-963,0,Discharging,N/A,3564,0
1791082396,6326.79,101272,-1069.566,-943,0,Discharging,N/A,2304,0
1791082401,6331.91,101354,-1070.911,-998,0,Discharging,N/A,3544,0
1791082407,6337.14,101438,-1072.360,-972,0,Discharging,N/A,2304,0
1791082412,6342.26,101520,-1073.705,-970,0,Discharging,N/A,2304,0
1791082417,6347.38,101602,-1075.050,-967,0,Discharging,N/A,2304,0
1791082422,6352.50,101683,-1076.395,-970,0,Discharging,N/A,2304,0
1791082427,6357.67,101766,-1077.843,-993,0,Discharging,N/A,2304,0
1791082432,6362.79,101848,-1079.188,-961,0,Discharging,N/A,2304,0
1791082437,6367.91,101930,-1080.533,-967,0,Discharging,N/A,2304,0
1791082442,6373.04,102012,-1081.982,-965,0,Discharging,N/A,2304,0
1791082448,6378.16,102094,-1083.327,-969,0,Discharging,N/A,2304,0
1791082453,6383.28,102176,-1084.672,-979,0,Discharging,N/A,2304,0
1791082458,6388.40,102258,-1086.120,-987,0,Discharging,N/A,2304,0
1791082463,6393.57,102341,-1087.465,-1007,0,Discharging,N/A,2304,0
1791082468,6398.74,102423,-1088.810,-1004,0,Discharging,N/A,3544,0
1791082473,6403.96,102507,-1090.258,-981,0,Discharging,N/A,2304,0
1791082479,6409.13,102589,-1091.603,-969,0,Discharging,N/A,2304,0
1791082484,6414.30,102672,-1093.052,-988,0,Discharging,N/A,2304,0
1791082489,6419.47,102755,-1094.500,-963,0,Discharging,N/A,3564,0
1791082494,6424.64,102838,-1095.845,-976,0,Discharging,N/A,2304,0
1791082499,6429.76,102920,-1097.294,-995,0,Discharging,N/A,2304,0
1791082504,6434.88,103001,-1099.052,-1821,0,Discharging,N/A,2304,0
1791082510,6440.05,103084,-1101.018,-1384,0,Discharging,N/A,2304,0
1791082515,6445.18,103166,-1102.880,-1456,0,Discharging,N/A,2304,0
1791082520,6450.31,103248,-1104.743,-1044,0,Discharging,N/A,2304,0
1791082525,6455.44,103330,-1106.295,-1036,0,Discharging,N/A,2304,0
1791082530,6460.57,103413,-1107.847,-1092,0,Discharging,N/A,2304,0
1791082535,6465.69,103494,-1109.398,-1154,0,Discharging,N/A,2304,0
1791082540,6470.82,103577,-1110.950,-1108,0,Discharging,N/A,2304,0
1791082545,6475.94,103659,-1112.502,-1122,0,Discharging,N/A,2304,0
1791082551,6481.07,103741,-1114.054,-1083,0,Discharging,N/A,2304,0
1791082556,6486.22,103823,-1115.709,-1087,0,Discharging,N/A,2304,0
1791082561,6491.34,103905,-1117.261,-1103,0,Discharging,N/A,2304,0
1791082566,6496.47,103987,-1118.813,-1087,0,Discharging,N/A,2304,0
1791082571,6501.59,104069,-1120.469,-1107,0,Discharging,N/A,2304,0
1791082576,6506.72,104151,-1122.020,-1040,0,Discharging,N/A,2304,0
1791082581,6511.84,104233,-1123.365,-1168,0,Discharging,N/A,2304,0
1791082586,6517.01,104316,-1124.814,-1003,0,Discharging,N/A,2304,0
1791082592,6522.13,104398,-1126.159,-1000,0,Discharging,N/A,2304,0
1791082597,6527.25,104480,-1127.607,-1015,0,Discharging,N/A,2304,0
1791082602,6532.37,104561,-1128.952,-976,0,Discharging,N/A,2304,0
1791082607,6537.49,104643,-1130.297,-980,0,Discharging,N/A,2304,0
1791082612,6542.61,104725,-1131.746,-981,0,Discharging,N/A,2304,0
1791082617,6547.78,104808,-1133.091,-970,0,Discharging,N/A,2304,0
1791082622,6552.91,104890,-1134.436,-997,0,Discharging,N/A,3564,0
1791082628,6558.08,104973,-1135.884,-975,0,Discharging,N/A,2304,0
1791082633,6563.20,105055,-1137.229,-1006,0,Discharging,N/A,2304,0
1791082638,6568.32,105137,-1138.678,-986,0,Discharging,N/A,3524,0
1791082643,6573.50,105220,-1140.022,-982,0,Discharging,N/A,2304,0
1791082648,6578.62,105301,-1141.367,-1024,0,Discharging,N/A,2304,0
1791082653,6583.79,105384,-1142.816,-932,0,Discharging,N/A,3544,0
1791082658,6588.96,105467,-1144.264,-976,0,Discharging,N/A,2304,0
1791082664,6594.08,105549,-1145.609,-1001,0,Discharging,N/A,2304,0
1791082669,6599.20,105631,-1146.954,-971,0,Discharging,N/A,3544,0
1791082674,6604.38,105714,-1148.403,-964,0,Discharging,N/A,2304,0
1791082679,6609.55,105797,-1149.748,-1006,0,Discharging,N/A,2304,0
1791082684,6614.68,105879,-1151.196,-962,0,Discharging,N/A,2304,0
1791082689,6619.81,105961,-1152.541,-955,0,Discharging,N/A,2304,0
1791082694,6624.93,106042,-1153.886,-975,0,Discharging,N/A,2304,0
1791082699,6630.05,106124,-1155.335,-987,0,Discharging,N/A,2304,0
1791082705,6635.17,106206,-1154.921,622,1,Charging,Fast,3984,700
1791082710,6640.24,106288,-1153.990,679,1,Charging,Fast,4024,750
1791082715,6645.32,106369,-1153.058,671,1,Charging,Fast,4024,750
1791082720,6650.40,106450,-1152.127,648,1,Charging,Fast,4024,750
1791082725,6655.48,106531,-1151.196,680,1,Charging,Fast,4024,750
1791082730,6660.55,106612,-1150.162,685,1,Charging,Fast,4024,750
1791082735,6665.62,106694,-1149.230,625,1,Charging,Fast,4024,750
1791082740,6670.70,106775,-1148.299,637,1,Charging,Fast,4044,750
1791082745,6675.78,106856,-1147.368,666,1,Charging,Fast,4044,750
1791082750,6680.85,106937,-1146.437,638,1,Charging,Fast,4064,750
1791082755,6685.93,107019,-1145.402,600,1,Charging,Fast,4044,750
1791082760,6691.00,107100,-1144.471,661,1,Charging,Fast,4044,750
1791082765,6696.08,107181,-1143.540,663,1,Charging,Fast,4044,750
1791082771,6701.15,107262,-1142.609,667,1,Charging,Fast,4044,750
1791082776,6706.23,107343,-1141.678,675,1,Charging,Fast,4044,750
1791082781,6711.30,107425,-1140.747,671,1,Charging,Fast,4044,750
1791082786,6716.38,107506,-1139.712,669,1,Charging,Fast,4044,750
1791082791,6721.45,107587,-1138.781,636,1,Charging,Fast,4024,750
1791082796,6726.53,107668,-1137.850,654,1,Charging,Fast,4044,750
1791082801,6731.61,107749,-1136.919,642,1,Charging,Fast,4044,700
1791082806,6736.68,107831,-1135.988,677,1,Charging,Fast,4044,750
1791082811,6741.76,107912,-1135.056,656,1,Charging,Fast,4044,750
1791082816,6746.84,107993,-1134.125,673,1,Charging,Fast,4044,750
1791082821,6751.91,108074,-1133.194,681,1,Charging,Fast,4044,700
1791082826,6756.99,108156,-1132.160,633,1,Charging,Fast,4044,700
1791082831,6762.07,108237,-1131.228,649,1,Charging,Fast,4044,750
1791082837,6767.14,108318,-1130.297,696,1,Charging,Fast,4044,700
1791082842,6772.21,108399,-1129.366,611,1,Charging,Fast,4044,700
1791082847,6777.29,108480,-1128.435,672,1,Charging,Fast,4044,750
1791082852,6782.36,108562,-1127.504,663,1,Charging,Fast,4044,750
1791082857,6787.44,108643,-1126.573,687,1,Charging,Fast,4044,750
1791082862,6792.52,108724,-1125.642,664,1,Charging,Fast,4044,750
1791082867,6797.59,108805,-1124.710,639,1,Charging,Fast,4044,750
1791082872,6802.67,108887,-1123.779,661,1,Charging,Fast,4044,750
1791082877,6807.74,108968,-1122.848,645,1,Charging,Fast,4044,750
